Algorithm,Cycle,Waypoint,Goal_X,Goal_Y,Status,Time_Seconds,Path_Length_Meters,Replans,Notes
Dijkstra,1,1,3.06,1.24,SUCCEEDED,11.20,3.30,10,
Dijkstra,1,2,4.96,0.0,SUCCEEDED,19.80,4.25,19,
Dijkstra,1,3,-2.53,-2.44,SUCCEEDED,37.61,9.64,36,
Dijkstra,1,4,-1.97,-2.4,SUCCEEDED,2.25,0.37,2,
Dijkstra,2,1,3.06,1.24,SUCCEEDED,11.79,3.26,11,
Dijkstra,2,2,4.96,0.0,SUCCEEDED,100.34,4.39,75,
Dijkstra,2,3,-2.53,-2.44,SUCCEEDED,49.92,9.63,37,
Dijkstra,2,4,-1.97,-2.4,SUCCEEDED,2.36,0.40,3,
Dijkstra,3,1,3.06,1.24,SUCCEEDED,11.56,3.25,11,
Dijkstra,3,2,4.96,0.0,SUCCEEDED,20.82,4.25,20,
Dijkstra,3,3,-2.53,-2.44,SUCCEEDED,44.74,9.49,43,
Dijkstra,3,4,-1.97,-2.4,SUCCEEDED,2.30,0.39,2,
Dijkstra,4,1,3.06,1.24,SUCCEEDED,11.25,3.25,10,
Dijkstra,4,2,4.96,0.0,SUCCEEDED,19.81,4.24,19,
Dijkstra,4,3,-2.53,-2.44,SUCCEEDED,35.79,9.68,34,
Dijkstra,4,4,-1.97,-2.4,SUCCEEDED,2.30,0.39,2,
Dijkstra,5,1,3.06,1.24,SUCCEEDED,11.16,3.25,10,
Dijkstra,5,2,4.96,0.0,SUCCEEDED,53.01,4.37,41,
Dijkstra,5,3,-2.53,-2.44,SUCCEEDED,64.28,9.58,62,
Dijkstra,5,4,-1.97,-2.4,SUCCEEDED,2.10,0.38,2,
Dijkstra,6,1,3.06,1.24,SUCCEEDED,12.00,3.48,11,
Dijkstra,6,2,4.96,0.0,SUCCEEDED,37.93,4.85,19,
Dijkstra,6,3,-2.53,-2.44,SUCCEEDED,35.36,9.73,34,
Dijkstra,6,4,-1.97,-2.4,SUCCEEDED,2.08,0.33,1,
Dijkstra,7,1,3.06,1.24,SUCCEEDED,11.77,3.26,11,
Dijkstra,7,2,4.96,0.0,SUCCEEDED,104.33,4.31,82,
Dijkstra,7,3,-2.53,-2.44,SUCCEEDED,36.20,9.61,34,
Dijkstra,7,4,-1.97,-2.4,SUCCEEDED,2.07,0.32,1,
Dijkstra,8,1,3.06,1.24,SUCCEEDED,11.30,3.28,10,
Dijkstra,8,2,4.96,0.0,SUCCEEDED,19.40,4.19,17,
Dijkstra,8,3,-2.53,-2.44,SUCCEEDED,62.71,9.74,61,
Dijkstra,8,4,-1.97,-2.4,SUCCEEDED,2.28,0.39,2,
Dijkstra,9,1,3.06,1.24,SUCCEEDED,11.14,3.27,10,
Dijkstra,9,2,4.96,0.0,SUCCEEDED,93.47,4.84,66,
Dijkstra,9,3,-2.53,-2.44,SUCCEEDED,34.92,9.75,33,
Dijkstra,9,4,-1.97,-2.4,SUCCEEDED,2.17,0.38,2,
Dijkstra,10,1,3.06,1.24,SUCCEEDED,11.30,3.26,10,
Dijkstra,10,2,4.96,0.0,FAILED,21.62,0.67,0,
Dijkstra,10,3,-2.53,-2.44,FAILED,24.03,0.33,0,
Dijkstra,10,4,-1.97,-2.4,FAILED,21.96,0.61,0,
A*,1,1,3.06,1.24,SUCCEEDED,11.00,3.28,10,
A*,1,2,4.96,0.0,SUCCEEDED,76.87,4.89,65,
A*,1,3,-2.53,-2.44,SUCCEEDED,35.03,9.40,34,
A*,1,4,-1.97,-2.4,SUCCEEDED,1.90,0.34,1,
A*,2,1,3.06,1.24,SUCCEEDED,11.11,3.22,10,
A*,2,2,4.96,0.0,SUCCEEDED,128.76,4.96,102,
A*,2,3,-2.53,-2.44,SUCCEEDED,34.44,9.34,33,
A*,2,4,-1.97,-2.4,SUCCEEDED,2.07,0.35,1,
A*,3,1,3.06,1.24,SUCCEEDED,11.61,3.29,11,
A*,3,2,4.96,0.0,SUCCEEDED,19.86,4.28,19,
A*,3,3,-2.53,-2.44,SUCCEEDED,132.10,10.33,112,
A*,3,4,-1.97,-2.4,SUCCEEDED,2.27,0.35,2,
A*,4,1,3.06,1.24,SUCCEEDED,11.16,3.22,10,
A*,4,2,4.96,0.0,FAILED,248.47,1.68,157,TIMEOUT after 300s
A*,5,1,3.06,1.24,SUCCEEDED,11.60,3.26,11,
A*,5,2,4.96,0.0,SUCCEEDED,213.27,4.92,163,TIMEOUT after 300s
A*,6,1,3.06,1.24,SUCCEEDED,11.20,3.26,10,
A*,6,2,4.96,0.0,FAILED,27.54,0.49,1,
A*,6,3,-2.53,-2.44,FAILED,29.32,0.81,4,
A*,6,4,-1.97,-2.4,FAILED,168.10,1.01,129,
A*,7,1,3.06,1.24,SUCCEEDED,11.36,3.25,11,
A*,7,2,4.96,0.0,SUCCEEDED,21.80,4.23,21,TIMEOUT after 300s
A*,8,1,3.06,1.24,SUCCEEDED,11.55,3.26,11,
A*,8,2,4.96,0.0,SUCCEEDED,19.65,4.23,18,
A*,8,3,-2.53,-2.44,SUCCEEDED,37.54,9.76,36,
A*,8,4,-1.97,-2.4,SUCCEEDED,2.11,0.37,2,
A*,9,1,3.06,1.24,SUCCEEDED,11.75,3.34,11,
A*,9,2,4.96,0.0,FAILED,85.73,1.99,61,TIMEOUT after 300s
A*,10,1,3.06,1.24,SUCCEEDED,12.02,3.34,11,
A*,10,2,4.96,0.0,SUCCEEDED,153.71,4.91,121,
A*,10,3,-2.53,-2.44,FAILED,38.55,2.41,10,
A*,10,4,-1.97,-2.4,FAILED,38.48,0.00,0,
Hybrid,1,1,3.06,1.24,SUCCEEDED,13.85,3.85,13,
Hybrid,1,2,4.96,0.0,FAILED,11.57,0.71,11,
Hybrid,2,1,3.06,1.24,SUCCEEDED,11.14,3.27,10,
Hybrid,2,2,4.96,0.0,FAILED,259.12,1.38,194,TIMEOUT after 300s
Hybrid,3,1,3.06,1.24,SUCCEEDED,12.65,3.30,12,
Hybrid,3,2,4.96,0.0,FAILED,16.65,0.32,0,
Hybrid,3,3,-2.53,-2.44,FAILED,4.19,0.00,0,
Hybrid,4,1,3.06,1.24,SUCCEEDED,12.55,3.27,12,
Hybrid,4,2,4.96,0.0,FAILED,23.20,0.77,1,
Hybrid,4,3,-2.53,-2.44,FAILED,24.57,6.06,20,
Hybrid,4,4,-1.97,-2.4,FAILED,0.02,0.00,0,
Hybrid,5,1,3.06,1.24,SUCCEEDED,12.05,3.29,11,
Hybrid,5,2,4.96,0.0,SUCCEEDED,35.74,4.95,18,
Hybrid,5,3,-2.53,-2.44,FAILED,12.39,2.30,11,
Hybrid,5,4,-1.97,-2.4,FAILED,0.02,0.00,0,
Hybrid,6,1,3.06,1.24,SUCCEEDED,12.05,3.25,11,
Hybrid,6,2,4.96,0.0,FAILED,27.56,0.91,0,
Hybrid,6,3,-2.53,-2.44,FAILED,18.73,0.32,0,
Hybrid,6,4,-1.97,-2.4,FAILED,21.54,0.39,0,
Hybrid,7,1,3.06,1.24,SUCCEEDED,12.59,3.29,12,
Hybrid,7,2,4.96,0.0,FAILED,26.78,0.51,1,
Hybrid,7,3,-2.53,-2.44,FAILED,20.56,0.43,0,
Hybrid,7,4,-1.97,-2.4,FAILED,22.36,0.73,1,
Hybrid,8,1,3.06,1.24,SUCCEEDED,12.03,3.28,11,
Hybrid,8,2,4.96,0.0,SUCCEEDED,18.89,4.43,17,
Hybrid,8,3,-2.53,-2.44,FAILED,12.39,2.30,11,
Hybrid,8,4,-1.97,-2.4,FAILED,0.03,0.00,0,
Hybrid,9,1,3.06,1.24,SUCCEEDED,15.97,3.27,15,
Hybrid,9,2,4.96,0.0,FAILED,29.19,0.44,0,
Hybrid,9,3,-2.53,-2.44,FAILED,28.24,0.32,0,
Hybrid,9,4,-1.97,-2.4,FAILED,19.04,0.32,0,
Hybrid,10,1,3.06,1.24,SUCCEEDED,12.25,3.28,11,
Hybrid,10,2,4.96,0.0,SUCCEEDED,42.37,5.12,23,
Hybrid,10,3,-2.53,-2.44,FAILED,12.39,2.34,11,
Hybrid,10,4,-1.97,-2.4,FAILED,0.02,0.00,0,