Algorithm,Cycle,Waypoint,Goal,Status,Time Taken (s),Path Length (m),Replans
Dijkstra,Cycle 1,Waypoint 1,"-0.5, -1.5",SUCCEEDED,47.03,12.89,46
Dijkstra,Cycle 1,Waypoint 2,"3.2, 3.95",SUCCEEDED,67.96,16.94,67
Dijkstra,Cycle 2,Waypoint 1,"-0.5, -1.5",SUCCEEDED,44.0,12.73,43
Dijkstra,Cycle 2,Waypoint 2,"3.2, 3.95",SUCCEEDED,74.63,16.87,75
Dijkstra,Cycle 3,Waypoint 1,"-0.5, -1.5",SUCCEEDED,45.06,12.86,44
Dijkstra,Cycle 3,Waypoint 2,"3.2, 3.95",SUCCEEDED,102.25,17.39,99
Dijkstra,Cycle 4,Waypoint 1,"-0.5, -1.5",SUCCEEDED,43.78,12.75,42
Dijkstra,Cycle 4,Waypoint 2,"3.2, 3.95",SUCCEEDED,71.38,17.07,70
Dijkstra,Cycle 5,Waypoint 1,"-0.5, -1.5",SUCCEEDED,45.01,12.8,44
Dijkstra,Cycle 5,Waypoint 2,"3.2, 3.95",SUCCEEDED,69.7,16.97,69
Dijkstra,Cycle 6,Waypoint 1,"-0.5, -1.5",SUCCEEDED,45.29,12.79,45
Dijkstra,Cycle 6,Waypoint 2,"3.2, 3.95",SUCCEEDED,70.86,16.96,69
Dijkstra,Cycle 7,Waypoint 1,"-0.5, -1.5",SUCCEEDED,46.48,12.74,46
Dijkstra,Cycle 7,Waypoint 2,"3.2, 3.95",SUCCEEDED,135.32,17.46,126
Dijkstra,Cycle 8,Waypoint 1,"-0.5, -1.5",SUCCEEDED,44.77,12.72,44
Dijkstra,Cycle 8,Waypoint 2,"3.2, 3.95",SUCCEEDED,103.76,17.41,100
Dijkstra,Cycle 9,Waypoint 1,"-0.5, -1.5",SUCCEEDED,45.72,12.84,45
Dijkstra,Cycle 9,Waypoint 2,"3.2, 3.95",SUCCEEDED,70.36,16.96,69
Dijkstra,Cycle 10,Waypoint 1,"-0.5, -1.5",SUCCEEDED,46.71,12.78,46
Dijkstra,Cycle 10,Waypoint 2,"3.2, 3.95",SUCCEEDED,70.65,17.06,69
A*,Cycle 1,Waypoint 1,"-0.5, -1.5",SUCCEEDED,101.49,13.39,98
A*,Cycle 1,Waypoint 2,"3.2, 3.95",SUCCEEDED,71.25,17.37,70
A*,Cycle 2,Waypoint 1,"-0.5, -1.5",SUCCEEDED,46.41,12.96,45
A*,Cycle 2,Waypoint 2,"3.2, 3.95",SUCCEEDED,68.71,17.37,67
A*,Cycle 3,Waypoint 1,"-0.5, -1.5",SUCCEEDED,101.03,13.39,98
A*,Cycle 3,Waypoint 2,"3.2, 3.95",SUCCEEDED,71.45,17.0,70
A*,Cycle 4,Waypoint 1,"-0.5, -1.5",SUCCEEDED,47.52,12.9,47
A*,Cycle 4,Waypoint 2,"3.2, 3.95",SUCCEEDED,71.64,17.35,70
A*,Cycle 5,Waypoint 1,"-0.5, -1.5",SUCCEEDED,46.02,13.02,45
A*,Cycle 5,Waypoint 2,"3.2, 3.95",SUCCEEDED,67.47,16.97,66
A*,Cycle 6,Waypoint 1,"-0.5, -1.5",SUCCEEDED,100.85,13.33,98
A*,Cycle 6,Waypoint 2,"3.2, 3.95",SUCCEEDED,68.77,17.12,67
A*,Cycle 7,Waypoint 1,"-0.5, -1.5",SUCCEEDED,44.95,12.86,44
A*,Cycle 7,Waypoint 2,"3.2, 3.95",SUCCEEDED,73.19,17.31,72
A*,Cycle 8,Waypoint 1,"-0.5, -1.5",SUCCEEDED,101.24,13.39,98
A*,Cycle 8,Waypoint 2,"3.2, 3.95",SUCCEEDED,70.13,17.22,69
A*,Cycle 9,Waypoint 1,"-0.5, -1.5",SUCCEEDED,43.51,12.86,42
A*,Cycle 9,Waypoint 2,"3.2, 3.95",SUCCEEDED,69.93,17.14,68
A*,Cycle 10,Waypoint 1,"-0.5, -1.5",SUCCEEDED,44.75,12.84,44
A*,Cycle 10,Waypoint 2,"3.2, 3.95",SUCCEEDED,71.52,17.21,70
Hybrid,Cycle 1,Waypoint 1,"-0.5, -1.5",SUCCEEDED,72.11,12.27,70
Hybrid,Cycle 1,Waypoint 2,"3.2, 3.95",SUCCEEDED,88.83,14.95,86
Hybrid,Cycle 2,Waypoint 1,"-0.5, -1.5",SUCCEEDED,72.79,12.38,71
Hybrid,Cycle 2,Waypoint 2,"3.2, 3.95",SUCCEEDED,85.64,14.72,84
Hybrid,Cycle 3,Waypoint 1,"-0.5, -1.5",SUCCEEDED,71.47,12.14,71
Hybrid,Cycle 3,Waypoint 2,"3.2, 3.95",SUCCEEDED,85.75,14.72,84
Hybrid,Cycle 4,Waypoint 1,"-0.5, -1.5",SUCCEEDED,70.91,12.1,70
Hybrid,Cycle 4,Waypoint 2,"3.2, 3.95",SUCCEEDED,86.99,14.91,85
Hybrid,Cycle 5,Waypoint 1,"-0.5, -1.5",SUCCEEDED,71.96,12.07,70
Hybrid,Cycle 5,Waypoint 2,"3.2, 3.95",SUCCEEDED,86.83,14.81,85
Hybrid,Cycle 6,Waypoint 1,"-0.5, -1.5",SUCCEEDED,73.65,12.43,72
Hybrid,Cycle 6,Waypoint 2,"3.2, 3.95",SUCCEEDED,89.7,15.13,86
Hybrid,Cycle 7,Waypoint 1,"-0.5, -1.5",SUCCEEDED,73.65,12.36,72
Hybrid,Cycle 7,Waypoint 2,"3.2, 3.95",SUCCEEDED,87.85,15.06,87
Hybrid,Cycle 8,Waypoint 1,"-0.5, -1.5",SUCCEEDED,70.37,12.07,69
Hybrid,Cycle 8,Waypoint 2,"3.2, 3.95",SUCCEEDED,87.16,14.72,85
Hybrid,Cycle 9,Waypoint 1,"-0.5, -1.5",SUCCEEDED,72.86,12.44,72
Hybrid,Cycle 9,Waypoint 2,"3.2, 3.95",SUCCEEDED,85.6,14.72,83
Hybrid,Cycle 10,Waypoint 1,"-0.5, -1.5",SUCCEEDED,71.06,12.21,69
Hybrid,Cycle 10,Waypoint 2,"3.2, 3.95",SUCCEEDED,85.21,14.73,83
